{
  "width": 1023,
  "height": 499,
  "cx": [
    [ "BIRTHDATE2", 70 ],
    [ "DIM_DATE", 233 ],
    [ "BIRTHDATE", 382 ],
    [ "DIM_CUSTOMER", 514 ],
    [ "ANSWER_SURVEYS", 669 ],
    [ "FACT_SURVEY", 810 ],
    [ "CONTAINS_A_LIST_OF2", 951 ],
    [ "DIM_EMPLOYEE", 70 ],
    [ "GET_A_YEARLY_TARGET", 233 ],
    [ "HAPPEND_THE", 382 ],
    [ "HAVE_TO_PAY", 514 ],
    [ "CONTAINS_A_LIST_OF", 669 ],
    [ "DIM_TRACK", 810 ],
    [ "DIM_QUESTION", 951 ],
    [ "MAKE_AN_INVOICE", 233 ],
    [ "FACT_INVOICE", 382 ],
    [ "TAKE_PLACE_TO", 514 ],
    [ "DIM_COUNTRY", 669 ]
  ],
  "cy": [
    [ "BIRTHDATE2", 68 ],
    [ "DIM_DATE", 68 ],
    [ "BIRTHDATE", 68 ],
    [ "DIM_CUSTOMER", 68 ],
    [ "ANSWER_SURVEYS", 68 ],
    [ "FACT_SURVEY", 68 ],
    [ "CONTAINS_A_LIST_OF2", 68 ],
    [ "DIM_EMPLOYEE", 254 ],
    [ "GET_A_YEARLY_TARGET", 254 ],
    [ "HAPPEND_THE", 254 ],
    [ "HAVE_TO_PAY", 254 ],
    [ "CONTAINS_A_LIST_OF", 254 ],
    [ "DIM_TRACK", 254 ],
    [ "DIM_QUESTION", 254 ],
    [ "MAKE_AN_INVOICE", 397 ],
    [ "FACT_INVOICE", 397 ],
    [ "TAKE_PLACE_TO", 397 ],
    [ "DIM_COUNTRY", 397 ]
  ],
  "shift": [
    [ "BIRTHDATE2,DIM_EMPLOYEE,0", 0 ],
    [ "BIRTHDATE2,DIM_DATE,0", 0 ],
    [ "BIRTHDATE,DIM_CUSTOMER,0", 0 ],
    [ "BIRTHDATE,DIM_DATE,0", 0 ],
    [ "ANSWER_SURVEYS,FACT_SURVEY,0", 0 ],
    [ "ANSWER_SURVEYS,DIM_CUSTOMER,0", 0 ],
    [ "CONTAINS_A_LIST_OF2,FACT_SURVEY,0", 0 ],
    [ "CONTAINS_A_LIST_OF2,DIM_QUESTION,0", 0 ],
    [ "GET_A_YEARLY_TARGET,DIM_EMPLOYEE,0", 0 ],
    [ "GET_A_YEARLY_TARGET,DIM_DATE,0", 0 ],
    [ "HAPPEND_THE,FACT_INVOICE,0", 0 ],
    [ "HAPPEND_THE,DIM_DATE,0", 0 ],
    [ "HAVE_TO_PAY,FACT_INVOICE,0", 0 ],
    [ "HAVE_TO_PAY,DIM_CUSTOMER,0", 0 ],
    [ "CONTAINS_A_LIST_OF,FACT_INVOICE,0", 0 ],
    [ "CONTAINS_A_LIST_OF,DIM_TRACK,0", 0 ],
    [ "MAKE_AN_INVOICE,FACT_INVOICE,0", 0 ],
    [ "MAKE_AN_INVOICE,DIM_EMPLOYEE,0", 0 ],
    [ "TAKE_PLACE_TO,FACT_INVOICE,0", 0 ],
    [ "TAKE_PLACE_TO,DIM_COUNTRY,0", 0 ]
  ],
  "ratio": []
}
